symbol,primary_ticker,exchange,asset_type,market_cap,sector,industry,name
AACBR,AACBR.US,NASDAQ,Common Stock,,,,Artius II Acquisition Inc. Rights
AAUGD,AAUGD.US,NASDAQ,Common Stock,,,,Aero Energy Limited
ABLVW,ABLVW.US,NASDAQ,Common Stock,,,,Able View Global Inc. Warrant
ABPWW,ABPWW.US,NASDAQ,Common Stock,,,,Abpro Holdings Inc
ABVEW,ABVEW.US,NASDAQ,Common Stock,,,,Above Food Ingredients Inc. Warrants
ABXL,ABXL.US,NYSE,Common Stock,,,,ABXL
ACONW,ACONW.US,NASDAQ,Common Stock,,,,Aclarion Inc
ADAMG,ADAMG.US,NASDAQ,Common Stock,,,,"Adamas Trust, Inc."
ADAMH,ADAMH.US,NASDAQ,Common Stock,,,,"Adamas Trust, Inc."
ADAMI,ADAMI.US,NASDAQ,Common Stock,,,,"New York Mortgage Trust, Inc. 9.125% Senior Notes Due 2029"
ADAMO,ADAMO.US,NASDAQ,Common Stock,,,,"Adamas Trust, Inc. 9.250% Senior Notes Due 2031"
ADNWW,ADNWW.US,NASDAQ,Common Stock,,,,Advent Technologies Holdings Inc
AEAQ,AEAQ.US,NASDAQ,Common Stock,,,,Activate Energy Acquisition Corp. Class A Ordinary Share
AEAQW,AEAQW.US,NASDAQ,Common Stock,,,,Activate Energy Acquisition Corp. Warrant
AENTW,AENTW.US,NASDAQ,Common Stock,,,,Alliance Entertainment Holding Corporation Warrants
AERTW,AERTW.US,NASDAQ,Common Stock,,,,Aeries Technology Inc.
AEXA,AEXA.US,NYSE,Common Stock,,,,American Exceptionalism Acquisition Corp. A
AFJKR,AFJKR.US,NASDAQ,Common Stock,,,,"Aimei Health Technology Co., Ltd Right"
AFRIW,AFRIW.US,NASDAQ,Common Stock,,,,Forafric Global PLC Warrants
AILEQ,AILEQ.US,NASDAQ,Common Stock,,,,"iLearningEngines, Inc."
AIMDW,AIMDW.US,NASDAQ,Common Stock,,,,Ainos Inc.
AIRJW,AIRJW.US,NASDAQ,Common Stock,,,,Montana Technologies Corporation
AISPW,AISPW.US,NASDAQ,Common Stock,,,,Airship AI Holdings Inc
AIZN,AIZN.US,NYSE,Common Stock,,,,Assurant Inc
ALFUW,ALFUW.US,NASDAQ,Common Stock,,,,Centurion Acquisition Corp. Warrant
ALOVU,ALOVU.US,NASDAQ,Common Stock,,,,"Aldabra 4 Liquidity Opportunity Vehicle, Inc. Units"
ALVOW,ALVOW.US,NASDAQ,Common Stock,,,,Alvotech Warrant
AMODW,AMODW.US,NASDAQ,Common Stock,,,,"Alpha Modus Holdings, Inc."
AMPGW,AMPGW.US,NASDAQ,Common Stock,,,,AmpliTech Group Inc
ANGHW,ANGHW.US,NASDAQ,Common Stock,,,,Anghami Inc. Warrants
ANSCW,ANSCW.US,NASDAQ,Common Stock,,,,Agriculture & Natural Solutions Acquisition Corporation Warrant
AOMD,AOMD.US,NYSE,Common Stock,,,,"Angel Oak Mortgage REIT, Inc"
AOMN,AOMN.US,NYSE,Common Stock,,,,"Angel Oak Mortgage REIT, Inc. 9"
APOS,APOS.US,NYSE,Common Stock,,,,Apollo Global Management Inc.
AQNB,AQNB.US,NYSE,Common Stock,,,,Algonquin Power Utilities Corp
ARBEW,ARBEW.US,NASDAQ,Common Stock,,,,Arbe Robotics Ltd. Warrant
ARQQW,ARQQW.US,NASDAQ,Common Stock,,,,Arqit Quantum Inc. Warrants
ASBPW,ASBPW.US,NASDAQ,Common Stock,,,,"Aspire Biopharma Holdings, Inc."
ASPCR,ASPCR.US,NASDAQ,Common Stock,,,,A SPAC III Acquisition Corp. Right
ASPSW,ASPSW.US,NASDAQ,Common Stock,,,,Altisource Portfolio Solutions S.A.
ASPSZ,ASPSZ.US,NASDAQ,Common Stock,,,,Altisource Portfolio Solutions S.A.
ATHS,ATHS.US,NYSE,Common Stock,,,,Athene Holding Ltd. 7.250% Fixed
AUROW,AUROW.US,NASDAQ,Common Stock,,,,Aurora Innovation Inc
AUUDW,AUUDW.US,NASDAQ,Common Stock,,,,Auddia Inc
BAERW,BAERW.US,NASDAQ,Common Stock,,,,"Bridger Aerospace Group Holdings, Inc. Warrant"
BANXR,BANXR.US,NASDAQ,Common Stock,,,,ArrowMark Financial Corp. Right
BAYAR,BAYAR.US,NASDAQ,Common Stock,,,,Bayview Acquisition Corp Right
BBBY,BBBY.US,NYSE,Common Stock,,,,"Bed Bath & Beyond, Inc."
BBCQ,BBCQ.US,NASDAQ,Common Stock,,,,Bleichroeder Acquisition Corp. II Class A Ordinary Shares
BBCQW,BBCQW.US,NASDAQ,Common Stock,,,,Bleichroeder Acquisition Corp. II Warrants
BCTXL,BCTXL.US,NASDAQ,Common Stock,,,,BriaCell Therapeutics Corp. Warrant expiring 2031
BCTXW,BCTXW.US,NASDAQ,Common Stock,,,,BriaCell Therapeutics Corp
BDMDW,BDMDW.US,NASDAQ,Common Stock,,,,Baird Medical Investment Holdings Limited
BEAGR,BEAGR.US,NASDAQ,Common Stock,,,,Bold Eagle Acquisition Corp. Right
BEPH,BEPH.US,NYSE,Common Stock,,,,Brookfield BRP Holdings (Canada (BEPH)
BEPI,BEPI.US,NYSE,Common Stock,,,,Brookfield BRP Holdings (Canada (BEPI)
BEPJ,BEPJ.US,NYSE,Common Stock,,,,Brookfield Renewable Partners L.P.
BETRW,BETRW.US,NASDAQ,Common Stock,,,,Better Home & Finance Holding Company
BIORQ,BIORQ.US,NASDAQ,Common Stock,,,,"Biora Therapeutics, Inc."
BIPI,BIPI.US,NYSE,Common Stock,,,,BIP Bermuda Holdings I Limited
BIPJ,BIPJ.US,NYSE,Common Stock,,,,Brookfield Infrastructure Finance ULC
BIXI,BIXI.US,NASDAQ,Common Stock,,,,Bitcoin Infrastructure Acquisition Corp Ltd. Class A Ordinary Shares
BKHAR,BKHAR.US,NASDAQ,Common Stock,,,,Black Hawk Acquisition Corporation Rights
BLZR,BLZR.US,NASDAQ,Common Stock,,,,Trailblazer Acquisition Corp. Class A Ordinary Shares
BNAIW,BNAIW.US,NASDAQ,Common Stock,,,,Brand Engagement Network Inc
BNH,BNH.US,NYSE,Common Stock,,,,NASDAQ DM Ex US Industrials Ind
BNZIW,BNZIW.US,NASDAQ,Common Stock,,,,Banzai International Inc
BOED,BOED.US,NASDAQ,Common Stock,,,,Direxion Daily BA Bear 1X Shares
BOEU,BOEU.US,NASDAQ,Common Stock,,,,Direxion Daily BA Bull 2X Shares
BRK.B,BRK.B.US,NYSE,Common Stock,,,,Berkshire Hathaway Inc
BRLSW,BRLSW.US,NASDAQ,Common Stock,,,,Borealis Foods Inc
BRRWW,BRRWW.US,NASDAQ,Common Stock,,,,Columbus Circle Capital Corp I
BSLKW,BSLKW.US,NASDAQ,Common Stock,,,,"Bolt Projects Holdings, Inc."
BTTC,BTTC.US,NASDAQ,Common Stock,,,,Black Titan Corporation
BWNB,BWNB.US,NYSE,Common Stock,,,,Babcock & Wilcox Enterprises Inc.
BZAIW,BZAIW.US,NASDAQ,Common Stock,,,,"Blaize Holdings, Inc. Warrants"
BZFDW,BZFDW.US,NASDAQ,Common Stock,,,,BuzzFeed
CAPNR,CAPNR.US,NASDAQ,Common Stock,,,,Cayson Acquisition Corp Right
CAPTW,CAPTW.US,NASDAQ,Common Stock,,,,Captivision Inc. Warrant
CCCXW,CCCXW.US,NASDAQ,Common Stock,,,,Churchill Capital Corp X Warrants
CCGWW,CCGWW.US,NASDAQ,Common Stock,,,,Cheche Group Inc. Warrant
CCIXW,CCIXW.US,NASDAQ,Common Stock,,,,Churchill Capital Corp IX Warrant
CDIOW,CDIOW.US,NASDAQ,Common Stock,,,,Cardio Diagnostics Holdings Inc
CDTTW,CDTTW.US,NASDAQ,Common Stock,,,,Conduit Pharmaceuticals Inc.
CELUW,CELUW.US,NASDAQ,Common Stock,,,,Celularity Inc
CEROW,CEROW.US,NASDAQ,Common Stock,,,,CERo Therapeutics Holdings Inc
CHACR,CHACR.US,NASDAQ,Common Stock,,,,Crane Harbor Acquisition Corp.
CHARR,CHARR.US,NASDAQ,Common Stock,,,,Charlton Aria Acquisition Corporation Rights
CICB,CICB.US,NYSE,Common Stock,,,,CION Investment Corporation
CIMN,CIMN.US,NYSE,Common Stock,,,,Chimera Investment Corporation
CIMO,CIMO.US,NYSE,Common Stock,,,,Chimera Investment Corporation
CIMP,CIMP.US,NYSE,Common Stock,,,,CIMP
CINGW,CINGW.US,NASDAQ,Common Stock,,,,Cingulate Inc. Warrants
CLSKW,CLSKW.US,NASDAQ,Common Stock,,,,"CleanSpark, Inc. Warrant"
COCHW,COCHW.US,NASDAQ,Common Stock,,,,Envoy Medical Inc.
COOTW,COOTW.US,NASDAQ,Common Stock,,,,Australian Oilseeds Holdings Limited Warrant
CORZZ,CORZZ.US,NASDAQ,Common Stock,,,,"Core Scientific, Inc. Tranche 2 Warrants"
CRAC,CRAC.US,NASDAQ,Common Stock,,,,Crown Reserve Acquisition Corp. I Class A Ordinary Shares
CRANR,CRANR.US,NASDAQ,Common Stock,,,,Crane Harbor Acquisition Corp. II Rights
CRAQ,CRAQ.US,NASDAQ,Common Stock,,,,Cal Redwood Acquisition Corp. Class A Ordinary Shares
CRAQU,CRAQU.US,NASDAQ,Common Stock,,,,Cal Redwood Acquisition Corp.
CRBD,CRBD.US,NYSE,Common Stock,,,,Corebridge Financial Inc. 6.375
CRESW,CRESW.US,NASDAQ,Common Stock,,,,Cresud S.A.C.I.F. y A. Warrant
CREVW,CREVW.US,NASDAQ,Common Stock,,,,Carbon Revolution Public Limited Company Warrant
CRGOW,CRGOW.US,NASDAQ,Common Stock,,,,Freightos Limited Warrants
CRMLW,CRMLW.US,NASDAQ,Common Stock,,,,Critical Metals Corp. Warrants
CSTWF,CSTWF.US,NYSE,Common Stock,,,,Constellation Acquisition Corp I
CTBB,CTBB.US,NYSE,Common Stock,,,,Qwest Corp. NT
CTDD,CTDD.US,NYSE,Common Stock,,,,Qwest Corp 6 75 Notes Expiry 2057
CUBB,CUBB.US,NYSE,Common Stock,,,,Customers Bancorp Inc
CUBWW,CUBWW.US,NASDAQ,Common Stock,,,,Lionheart Holdings Warrant
DAAQW,DAAQW.US,NASDAQ,Common Stock,,,,Digital Asset Acquisition Corp.
DAVEW,DAVEW.US,NASDAQ,Common Stock,,,,Dave Inc. Warrants
DCOMG,DCOMG.US,NASDAQ,Common Stock,,,,"Dime Community Bancshares, Inc. 9.000% Fixed-to-Floating Rate Subordinated Notes due 2034"
DFLIW,DFLIW.US,NASDAQ,Common Stock,,,,Chardan NexTech Acquisition 2 Corp
DHAIW,DHAIW.US,NASDAQ,Common Stock,,,,"DIH Holding US, Inc. Warrants"
DISTR,DISTR.US,NASDAQ,Common Stock,,,,Distoken Acquisition Corporation Right
DJTWW,DJTWW.US,NASDAQ,Common Stock,,,,Trump Media & Technology Group Corp.
DMAAR,DMAAR.US,NASDAQ,Common Stock,,,,Drugs Made In America Acquisition Corp. Rights
DRTSW,DRTSW.US,NASDAQ,Common Stock,,,,Alpha Tau Medical Ltd. Warrant
DSYWW,DSYWW.US,NASDAQ,Common Stock,,,,Big Tree Cloud Holdings Limited Warrants
DTB,DTB.US,NYSE,Common Stock,,,,DTE Energy Company 2020 Series
DTG,DTG.US,NYSE,Common Stock,,,,DTE Energy Company 2021 Series E
DTK,DTK.US,NYSE,Common Stock,,,,DTE Energy Company 2025 Series
DTSQR,DTSQR.US,NASDAQ,Common Stock,,,,DT Cloud Star Acquisition Corporation Right
DTSTW,DTSTW.US,NASDAQ,Common Stock,,,,Data Storage Corporation
DTW,DTW.US,NYSE,Common Stock,,,,DTE Energy Co Pref Series E
DUKB,DUKB.US,NYSE,Common Stock,,,,Duke Energy Corp
EAI,EAI.US,NYSE,Common Stock,,,,Entergy Arkansas LLC Deb 2066
ECCU,ECCU.US,NYSE,Common Stock,,,,Eagle Point Credit Company Inc
ECCV,ECCV.US,NYSE,Common Stock,,,,Eagle Point Credit Company Inc.
ECCW,ECCW.US,NYSE,Common Stock,,,,Eagle Point Credit Company Inc.
ECDAW,ECDAW.US,NASDAQ,Common Stock,,,,ECD Automotive Design Inc
ECXWW,ECXWW.US,NASDAQ,Common Stock,,,,ECARX Holdings Inc. Warrants
EDBLW,EDBLW.US,NASDAQ,Common Stock,,,,Edible Garden AG Incorporated
ELC,ELC.US,NYSE,Common Stock,,,,Entergy Louisiana LLC Pref
ENJ,ENJ.US,NYSE,Common Stock,,,,Entergy New Orleans Inc Pref
ESGLW,ESGLW.US,NASDAQ,Common Stock,,,,ESGL Holdings Limited Warrants
ESHAR,ESHAR.US,NASDAQ,Common Stock,,,,ESH Acquisition Corp. Right
EUDAW,EUDAW.US,NASDAQ,Common Stock,,,,EUDA Health Holdings Limited
EVGOW,EVGOW.US,NASDAQ,Common Stock,,,,EVgo Equity Warrants
EVLVW,EVLVW.US,NASDAQ,Common Stock,,,,Evolv Technologies Holdings Inc
EXEEL,EXEEL.US,NASDAQ,Common Stock,,,,Expand Energy Corporation
EXEEW,EXEEW.US,NASDAQ,Common Stock,,,,Expand Energy Corporation
EXEEZ,EXEEZ.US,NASDAQ,Common Stock,,,,Expand Energy Corporation
EZRAW,EZRAW.US,NASDAQ,Common Stock,,,,"Reliance Global Group, Inc."
FACTW,FACTW.US,NASDAQ,Common Stock,,,,FACT II Acquisition Corp. Warrant
FBYDW,FBYDW.US,NASDAQ,Common Stock,,,,"Falcon's Beyond Global, Inc. Warrants"
FCRX,FCRX.US,NYSE,Common Stock,,,,First Eagle Alternative Capital BDC Inc
FERAR,FERAR.US,NASDAQ,Common Stock,,,,Fifth Era Acquisition Corp I Rights
FFAIW,FFAIW.US,NASDAQ,Common Stock,,,,Faraday Future Intelligent Electric Inc.
FGMCR,FGMCR.US,NASDAQ,Common Stock,,,,FG Merger II Corp. Rights
FGN,FGN.US,NYSE,Common Stock,,,,F&G Annuities & Life Inc. 7.95
FGSN,FGSN.US,NYSE,Common Stock,,,,F&G Annuities & Life Inc. 7.300% Junior Subordinated Notes due 2065
FIGX,FIGX.US,NASDAQ,Common Stock,,,,FIGX Capital Acquisition Corp. Class A Ordinary Share
FLG-PU,FLG-PU.US,NYSE,Common Stock,,,,New York Community Capital Trust V
FOXXW,FOXXW.US,NASDAQ,Common Stock,,,,Foxx Development Holdings Inc.
FRMI,FRMI.US,NASDAQ,Common Stock,,,,Fermi Inc.
FSHPR,FSHPR.US,NASDAQ,Common Stock,,,,Flag Ship Acquisition Corp. Right
FUFUW,FUFUW.US,NASDAQ,Common Stock,,,,BitFuFu Inc. Warrant
GAINI,GAINI.US,NASDAQ,Common Stock,,,,Gladstone Investment Corporation 7.875% Notes due 2030
GCLWW,GCLWW.US,NASDAQ,Common Stock,,,,GCL Global Holdings Ltd Warrants
GECCG,GECCG.US,NASDAQ,Common Stock,,,,Great Elm Capital Corp. 7.75% Notes Due 2030
GECCH,GECCH.US,NASDAQ,Common Stock,,,,GECCH
GENVR,GENVR.US,NASDAQ,Common Stock,,,,Gen Digital Inc. Contingent Value Rights
GGROW,GGROW.US,NASDAQ,Common Stock,,,,Gogoro Equity Warrant Exp 4th April 2027
GIBOW,GIBOW.US,NASDAQ,Common Stock,,,,GIBO Holdings Limited
GIGGW,GIGGW.US,NASDAQ,Common Stock,,,,GigCapital7 Corp.
GIXXU,GIXXU.US,NASDAQ,Common Stock,,,,GigCapital9 Corp. Units
GLPPRB,GLPPRB.US,NYSE,Common Stock,,,,Global Partners LP 9.5% Pfd. Series B
GPATW,GPATW.US,NASDAQ,Common Stock,,,,GP-Act III Acquisition Corp. Warrants
GPJA,GPJA.US,NYSE,Common Stock,,,,Georgia Power Co
GRABW,GRABW.US,NASDAQ,Common Stock,,,,Grab Holdings Limited Warrant
GRRRW,GRRRW.US,NASDAQ,Common Stock,,,,Gorilla Technology Group Inc.
GSHRW,GSHRW.US,NASDAQ,Common Stock,,,,Gesher Acquisition Corp. II
GTEN,GTEN.US,NASDAQ,Common Stock,,,,"Gores Holdings X, Inc. Class A ordinary shares"
GTENU,GTENU.US,NASDAQ,Common Stock,,,,"Gores Holdings X, Inc. Units"
HCACR,HCACR.US,NASDAQ,Common Stock,,,,Hall Chadwick Acquisition Corp Rights
HLXC,HLXC.US,NASDAQ,Common Stock,,,,Helix Acquisition Corp. III Class A Ordinary Shares
HOLOW,HOLOW.US,NASDAQ,Common Stock,,,,MicroCloud Hologram Inc.
HOVRW,HOVRW.US,NASDAQ,Common Stock,,,,New Horizon Aircraft Ltd
HPAIW,HPAIW.US,NASDAQ,Common Stock,,,,Helport AI Limited Warrants
HSCSW,HSCSW.US,NASDAQ,Common Stock,,,,Heart Test Laboratories Inc. Warrant
HSPTR,HSPTR.US,NASDAQ,Common Stock,,,,Horizon Space Acquisition II Corp. Right
HTFB,HTFB.US,NYSE,Common Stock,,,,Horizon Technology Finance Corporation
HTFC,HTFC.US,NYSE,Common Stock,,,,HTFC
HTZWW,HTZWW.US,NASDAQ,Common Stock,,,,Hertz Global Hldgs New Equity Warrants
HUMAW,HUMAW.US,NASDAQ,Common Stock,,,,Humacyte Inc
HVIIR,HVIIR.US,NASDAQ,Common Stock,,,,Hennessy Capital Investment Corp. VII Rights
HVMC,HVMC.US,NASDAQ,Common Stock,,,,Highview Merger Corp. Class A Ordinary Share
HWCPZ,HWCPZ.US,NASDAQ,Common Stock,,,,Hancock Whitney Corporation - 6
IBACR,IBACR.US,NASDAQ,Common Stock,,,,IB Acquisition Corp. Right
ICUCW,ICUCW.US,NASDAQ,Common Stock,,,,LMF Acquisition Opportunities Inc
IINNW,IINNW.US,NASDAQ,Common Stock,,,,Inspira Technologies Oxy B.H.N. Ltd. Warrant
ILLRW,ILLRW.US,NASDAQ,Common Stock,,,,Triller Group Inc.
INVZW,INVZW.US,NASDAQ,Common Stock,,,,Innoviz Technologies Ltd
ISPOW,ISPOW.US,NASDAQ,Common Stock,,,,Thayer Ventures Acquisition Corporation
ITHA,ITHA.US,NASDAQ,Common Stock,,,,ITHAX Acquisition Corp III Class A Ordinary Shares
ITHAW,ITHAW.US,NASDAQ,Common Stock,,,,ITHAX Acquisition Corp III Warrants
IVDAW,IVDAW.US,NASDAQ,Common Stock,,,,Iveda Solutions Inc. Warrant
JENA,JENA.US,NYSE,Common Stock,,,,Jena Acquisition Corporation II
JFBRW,JFBRW.US,NASDAQ,Common Stock,,,,Jeffs' Brands Ltd
JSPRW,JSPRW.US,NASDAQ,Common Stock,,,,Jasper Therapeutics Inc
K-W,K-W.US,NYSE,Common Stock,,,,K-W
KBONW,KBONW.US,NASDAQ,Common Stock,,,,Karbon Capital Partners Corp. Warrant
KCHV,KCHV.US,NASDAQ,Common Stock,,,,Kochav Defense Acquisition Corp. Class A Ordinary Shares
KCHVU,KCHVU.US,NASDAQ,Common Stock,,,,Kochav Defense Acquisition Corp.
KFIIR,KFIIR.US,NASDAQ,Common Stock,,,,K&F Growth Acquisition Corp. II Rights
KITTW,KITTW.US,NASDAQ,Common Stock,,,,Nauticus Robotics Inc.
KKRS,KKRS.US,NYSE,Common Stock,,,,KKRS
KKRT,KKRT.US,NYSE,Common Stock,,,,KKR & Co. Inc. 6.875% Subordina
KLTOW,KLTOW.US,NASDAQ,Common Stock,,,,"Klotho Neurosciences, Inc"
KMPB,KMPB.US,NYSE,Common Stock,,,,Kemper Corporation 5.875% Fixed
KPLTW,KPLTW.US,NASDAQ,Common Stock,,,,Katapult Holdings Equity Warrants Exp 09 June 2026
KRAQU,KRAQU.US,NASDAQ,Common Stock,,,,KRAKacquisition Corp Unit
KVACW,KVACW.US,NASDAQ,Common Stock,,,,Keen Vision Acquisition Corporation Warrant
KWMWW,KWMWW.US,NASDAQ,Common Stock,,,,K Wave Media Ltd.
LCFYW,LCFYW.US,NASDAQ,Common Stock,,,,Locafy Limited
LIDRW,LIDRW.US,NASDAQ,Common Stock,,,,AEye Inc
LOTWW,LOTWW.US,NASDAQ,Common Stock,,,,Lotus Technology Inc. Warrants
LPAAW,LPAAW.US,NASDAQ,Common Stock,,,,Launch One Acquisition Corp. Warrant
LUCYW,LUCYW.US,NASDAQ,Common Stock,,,,Innovative Eyewear Inc
LUXHQ,LUXHQ.US,NASDAQ,Common Stock,,,,LuxUrban Hotels Inc.
MACIW,MACIW.US,NASDAQ,Common Stock,,,,Melar Acquisition Corp. I Warrant
MAPSW,MAPSW.US,NASDAQ,Common Stock,,,,WM Technology Inc
MBAVW,MBAVW.US,NASDAQ,Common Stock,,,,M3-Brigade Acquisition V Corp. Warrant
MBVI,MBVI.US,NASDAQ,Common Stock,,,,M3-Brigade Acquisition VI Corp. Class A Ordinary Shares
MCGA,MCGA.US,NASDAQ,Common Stock,,,,MCGA
MCOMW,MCOMW.US,NASDAQ,Common Stock,,,,Micromobility.com Inc.
MDAIW,MDAIW.US,NASDAQ,Common Stock,,,,Spectral AI Inc
MESH,MESH.US,NASDAQ,Common Stock,,,,Meshflow Acquisition Corp. Class A Ordinary Shares
MESHW,MESHW.US,NASDAQ,Common Stock,,,,Meshflow Acquisition Corp. Warrants
METCI,METCI.US,NASDAQ,Common Stock,,,,"Ramaco Resources, Inc. 8.250% Senior Notes due 2030"
METCZ,METCZ.US,NASDAQ,Common Stock,,,,"Ramaco Resources, Inc. 8.375% Senior Notes due 2029"
MFAN,MFAN.US,NYSE,Common Stock,,,,"MFA Financial, Inc. 8.875%"
MFAO,MFAO.US,NYSE,Common Stock,,,,"MFA Financial, Inc. 9.000%"
MGRB,MGRB.US,NYSE,Common Stock,,,,"Affiliated Managers Group, Inc."
MGRD,MGRD.US,NYSE,Common Stock,,,,"Affiliated Managers Group, Inc."
MGRE,MGRE.US,NYSE,Common Stock,,,,"Affiliated Managers Group, Inc."
MHNC,MHNC.US,NYSE,Common Stock,,,,Maiden Holdings North America Ltd ELKS
MITN,MITN.US,NYSE,Common Stock,,,,AG Mortgage Investment Trust Inc
MITP,MITP.US,NYSE,Common Stock,,,,"AG Mortgage Investment Trust, Inc"
MKCV,MKCV.US,NYSE,Common Stock,,,,"McCormick & Company, Incorporated"
MKDW,MKDW.US,NASDAQ,Common Stock,,,,MKDWELL Tech Inc. Ordinary Share
MKDWW,MKDWW.US,NASDAQ,Common Stock,,,,MKDWELL Tech Inc. Warrants
MLAAU,MLAAU.US,NASDAQ,Common Stock,,,,Mountain Lake Acquisition Corp. II Units
MLAC,MLAC.US,NASDAQ,Common Stock,,,,Mountain Lake Acquisition Corp. Class A Ordinary Shares
MLACR,MLACR.US,NASDAQ,Common Stock,,,,Mountain Lake Acquisition Corp. Right
MLACU,MLACU.US,NASDAQ,Common Stock,,,,Mountain Lake Acquisition Corp. Units
MLECW,MLECW.US,NASDAQ,Common Stock,,,,Moolec Science SA Warrant
MNTSW,MNTSW.US,NASDAQ,Common Stock,,,,Momentus Inc
MOBBW,MOBBW.US,NASDAQ,Common Stock,,,,Mobilicom Limited Warrants
MOBXW,MOBXW.US,NASDAQ,Common Stock,,,,Mobix Labs Inc
MONDQ,MONDQ.US,NASDAQ,Common Stock,,,,Mondee Holdings Inc.
MRNOW,MRNOW.US,NASDAQ,Common Stock,,,,Murano Global Investments PLC Warrants
MSAIW,MSAIW.US,NASDAQ,Common Stock,,,,Infrared Cameras Holdings Inc
MSPRW,MSPRW.US,NASDAQ,Common Stock,,,,MSP Recovery Inc
MSPRZ,MSPRZ.US,NASDAQ,Common Stock,,,,MSP Recovery Inc.
MTEKW,MTEKW.US,NASDAQ,Common Stock,,,,Maris-Tech Ltd. Warrants
MUZEU,MUZEU.US,NASDAQ,Common Stock,,,,Muzero Acquisition Corp Unit
MVSTW,MVSTW.US,NASDAQ,Common Stock,,,,Microvast Holdings Inc
MYPSW,MYPSW.US,NASDAQ,Common Stock,,,,PLAYSTUDIOS Inc
NAKAW,NAKAW.US,NASDAQ,Common Stock,,,,"Kindly MD, Inc."
NAMSW,NAMSW.US,NASDAQ,Common Stock,,,,NewAmsterdam Pharma Company N.V. Warrant
NCPLW,NCPLW.US,NASDAQ,Common Stock,,,,Netcapital Inc
NEWTH,NEWTH.US,NASDAQ,Common Stock,,,,"NewtekOne, Inc. 8.625% Fixed Rate Senior Notes due 2029"
NHIC,NHIC.US,NASDAQ,Common Stock,,,,NewHold Investment Corp III Class A Ordinary Shares
NHICU,NHICU.US,NASDAQ,Common Stock,,,,NewHold Investment Corp III Units
NIQ,NIQ.US,NYSE,Common Stock,,,,NIQ Global Intelligence plc
NIVFW,NIVFW.US,NASDAQ,Common Stock,,,,NewGenIvf Group Limited Warrants
NIXXW,NIXXW.US,NASDAQ,Common Stock,,,,"Nixxy, Inc."
NMHIW,NMHIW.US,NASDAQ,Common Stock,,,,Nature's Miracle Holding Inc. Warrants
NMKBP,NMKBP.US,NYSE,Common Stock,,,,Niagara Mohawk Power Corp
NMP,NMP.US,NASDAQ,Common Stock,,,,NMP
NNAVW,NNAVW.US,NASDAQ,Common Stock,,,,NextNav Inc. Warrant
NOEMR,NOEMR.US,NASDAQ,Common Stock,,,,CO2 Energy Transition Corp. Right
NOEMW,NOEMW.US,NASDAQ,Common Stock,,,,CO2 Energy Transition Corp. Warrant
NRSNW,NRSNW.US,NASDAQ,Common Stock,,,,NeuroSense Therapeutics Ltd. Warrant
NRXPW,NRXPW.US,NASDAQ,Common Stock,,,,NRx Pharmaceuticals Inc
NTRBW,NTRBW.US,NASDAQ,Common Stock,,,,Nutriband Inc. Warrant
NTWOW,NTWOW.US,NASDAQ,Common Stock,,,,Newbury Street II Acquisition Corp Warrant
NUKKW,NUKKW.US,NASDAQ,Common Stock,,,,Nukkleus Inc
NVAWW,NVAWW.US,NASDAQ,Common Stock,,,,Nova Minerals Limited Warrant
NVNIW,NVNIW.US,NASDAQ,Common Stock,,,,Nvni Group Limited Warrants
NVVEW,NVVEW.US,NASDAQ,Common Stock,,,,Nuvve Holding Corp
NXPLW,NXPLW.US,NASDAQ,Common Stock,,,,NextPlat Corp
OACCW,OACCW.US,NASDAQ,Common Stock,,,,Oaktree Acquisition Corp. III Life Sciences Warrant
OAKUR,OAKUR.US,NASDAQ,Common Stock,,,,Oak Woods Acquisition Corporation Right
OFSSO,OFSSO.US,NASDAQ,Common Stock,,,,OFS Capital Corporation 7.50% Notes due 2028
ONFOW,ONFOW.US,NASDAQ,Common Stock,,,,Onfolio Holdings Inc. Warrant
ONMDW,ONMDW.US,NASDAQ,Common Stock,,,,OneMedNet Corp.
OPENL,OPENL.US,NASDAQ,Common Stock,,,,OPENDOOR TECHNOLOGIES INC SERIES A
OPENW,OPENW.US,NASDAQ,Common Stock,,,,Opendoor Technologies Inc.
OPENZ,OPENZ.US,NASDAQ,Common Stock,,,,OPENDOOR TECHNOLOGIES INC SERIES Z
OPTXW,OPTXW.US,NASDAQ,Common Stock,,,,Syntec Optics Holdings Inc.
ORGNW,ORGNW.US,NASDAQ,Common Stock,,,,Origin Materials Inc Warrant
OSRHW,OSRHW.US,NASDAQ,Common Stock,,,,"OSR Holdings, Inc."
OUSTZ,OUSTZ.US,NASDAQ,Common Stock,,,,"Ouster, Inc. Warrants"
OXBRW,OXBRW.US,NASDAQ,Common Stock,,,,Oxbridge Re Holdings Equity Warrant
OXLCG,OXLCG.US,NASDAQ,Common Stock,,,,Oxford Lane Capital Corp. 7.95% Notes due 2032
OXLCI,OXLCI.US,NASDAQ,Common Stock,,,,Oxford Lane Capital Corp. 8.75% Notes due 2030
OXSQH,OXSQH.US,NASDAQ,Common Stock,,,,Oxford Square Capital Corp. 7.75% Notes due 2030
PALD,PALD.US,NASDAQ,Common Stock,,,,Direxion Daily PANW Bear 1X Shares
PALU,PALU.US,NASDAQ,Common Stock,,,,Direxion Daily PANW Bull 2X Shares
PBMWW,PBMWW.US,NASDAQ,Common Stock,,,,Psyence Biomedical Ltd. Warrant
PCTTW,PCTTW.US,NASDAQ,Common Stock,,,,PureCycle Technologies Inc
PDYNW,PDYNW.US,NASDAQ,Common Stock,,,,Palladyne AI Corp
PGYWW,PGYWW.US,NASDAQ,Common Stock,,,,Pagaya Technologies Ltd. Warrants
PIIIW,PIIIW.US,NASDAQ,Common Stock,,,,P3 Health Partners Inc
PMTU,PMTU.US,NYSE,Common Stock,,,,PennyMac Mortgage Investment Tr
PMTV,PMTV.US,NYSE,Common Stock,,,,PennyMac Mortgage Investment Trust 9.00% Senior Notes due 2030
PMTW,PMTW.US,NYSE,Common Stock,,,,PennyMac Mortgage Investment Trust
PNFP-PR-A,PNFP-PR-A.US,NYSE,Common Stock,,,,PINNACLE FINANCIAL PARTNERS NON CU
PNFP-PR-B,PNFP-PR-B.US,NYSE,Common Stock,,,,PINNACLE FINANCIAL PARTNERS NON CU
PNFP-PR-C,PNFP-PR-C.US,NYSE,Common Stock,,,,PINNACLE FINANCIAL PARTNERS DEPOSI
POLEW,POLEW.US,NASDAQ,Common Stock,,,,Andretti Acquisition Corp. II Warrant
PRENW,PRENW.US,NASDAQ,Common Stock,,,,Prenetics Holding Company Limited
PRHIZ,PRHIZ.US,NASDAQ,Common Stock,,,,"Presurance Holdings, Inc."
PTIXW,PTIXW.US,NASDAQ,Common Stock,,,,Protagenic Therapeutics Inc
QETAR,QETAR.US,NASDAQ,Common Stock,,,,Quetta Acquisition Corporation Right
QSEAR,QSEAR.US,NASDAQ,Common Stock,,,,Quartzsea Acquisition Corporation
QSIAW,QSIAW.US,NASDAQ,Common Stock,,,,Quantum-Si incorporated
RAAQW,RAAQW.US,NASDAQ,Common Stock,,,,Real Asset Acquisition Corp.
RANGR,RANGR.US,NASDAQ,Common Stock,,,,Range Capital Acquisition Corp. Rights
RBSTF,RBSTF.US,NYSE,Common Stock,,,,ROBOSENSE TECHNOLOGY CO
RDACR,RDACR.US,NASDAQ,Common Stock,,,,Rising Dragon Acquisition Corp. Rights
RDZNW,RDZNW.US,NASDAQ,Common Stock,,,,Roadzen Inc
RELIW,RELIW.US,NASDAQ,Common Stock,,,,Reliance Global Group Inc
REVBW,REVBW.US,NASDAQ,Common Stock,,,,Revelation Biosciences Inc
RFAIR,RFAIR.US,NASDAQ,Common Stock,,,,RF Acquisition Corp II Right
RGTIW,RGTIW.US,NASDAQ,Common Stock,,,,Rigetti Computing Inc. Warrants
RIBBR,RIBBR.US,NASDAQ,Common Stock,,,,Ribbon Acquisition Corp Rights
RMCOW,RMCOW.US,NASDAQ,Common Stock,,,,Royalty Management Holding Corporation
RMSG,RMSG.US,NASDAQ,Common Stock,,,,Real Messenger Corporation Ordinary Shares
RNGT,RNGT.US,NASDAQ,Common Stock,,,,Range Capital Acquisition Corp II Class A Ordinary Shares
RNWWW,RNWWW.US,NASDAQ,Common Stock,,,,ReNew Energy Global plc Warrant
RSVRW,RSVRW.US,NASDAQ,Common Stock,,,,Reservoir Media Management Inc
RUMBW,RUMBW.US,NASDAQ,Common Stock,,,,Rumble Inc.
RVSNW,RVSNW.US,NASDAQ,Common Stock,,,,Rail Vision Ltd. Warrant
RWAYL,RWAYL.US,NASDAQ,Common Stock,,,,MSCI ACWI exAU/CONSUMER GRTR US
RWTN,RWTN.US,NYSE,Common Stock,,,,"Redwood Trust, Inc. 9.125%"
RWTO,RWTO.US,NYSE,Common Stock,,,,"Redwood Trust, Inc. 9.00% Senio"
RWTP,RWTP.US,NYSE,Common Stock,,,,"Redwood Trust, Inc."
RWTQ,RWTQ.US,NYSE,Common Stock,,,,"Redwood Trust, Inc."
RZB,RZB.US,NYSE,Common Stock,,,,Reinsurance Group of America Inc
RZLVW,RZLVW.US,NASDAQ,Common Stock,,,,Rezolve AI Limited Warrants
SAAQU,SAAQU.US,NASDAQ,Common Stock,,,,Space Asset Acquisition Corp. Units
SABSW,SABSW.US,NASDAQ,Common Stock,,,,SAB Biotherapeutics Inc
SAIHW,SAIHW.US,NASDAQ,Common Stock,,,,SAIHEAT Limited
SAJ,SAJ.US,NYSE,Common Stock,,,,Saratoga Investment Corp 8.00%
SAT,SAT.US,NYSE,Common Stock,,,,Saratoga Investment Corp 6.00%
SATLW,SATLW.US,NASDAQ,Common Stock,,,,Satellogic Inc. Warrant
SAY,SAY.US,NYSE,Common Stock,,,,Saratoga Investment Corp 8.125%
SAZ,SAZ.US,NYSE,Common Stock,,,,Saratoga Investment Corp 8.50%
SBCWW,SBCWW.US,NASDAQ,Common Stock,,,,SBC Medical Group Holdings Incorporated
SBFMW,SBFMW.US,NASDAQ,Common Stock,,,,Sunshine Biopharma Inc. Warrant
SCE-PM,SCE-PM.US,NYSE,Common Stock,,,,SCE Trust VII
SCII,SCII.US,NASDAQ,Common Stock,,,,SC II Acquisition Corp. Class A ordinary share
SCIIR,SCIIR.US,NASDAQ,Common Stock,,,,SC II Acquisition Corp. Rights
SCLXW,SCLXW.US,NASDAQ,Common Stock,,,,Scilex Holding Company
SDSTW,SDSTW.US,NASDAQ,Common Stock,,,,Stardust Power Inc.
SEATW,SEATW.US,NASDAQ,Common Stock,,,,Vivid Seats Inc. Warrant
SEV,SEV.US,NASDAQ,Common Stock,,,,Aptera Motors Corp. Class B Common Stock
SHFSW,SHFSW.US,NASDAQ,Common Stock,,,,SHF Holdings Inc
SHMDW,SHMDW.US,NASDAQ,Common Stock,,,,SCHMID Group N.V. Warrants
SI,SI.US,NYSE,Common Stock,,,,"Shoulder Innovations, Inc."
SIMAW,SIMAW.US,NASDAQ,Common Stock,,,,SIM Acquisition Corp. I Warrant
SLDPW,SLDPW.US,NASDAQ,Common Stock,,,,Solid Power Inc
SLXNW,SLXNW.US,NASDAQ,Common Stock,,,,Biomotion Sciences Warrant
SMXWW,SMXWW.US,NASDAQ,Common Stock,,,,SMX (Security Matters) Public Limited Company Warrant
SOJD,SOJD.US,NYSE,Common Stock,,,,Southern Co
SOJE,SOJE.US,NYSE,Common Stock,,,,Southern Company (The) Series 2
SOJF,SOJF.US,NYSE,Common Stock,,,,The Southern Company
SOUNW,SOUNW.US,NASDAQ,Common Stock,,,,SoundHound AI Inc.
SPWRW,SPWRW.US,NASDAQ,Common Stock,,,,"Complete Solaria, Inc."
SRJN,SRJN.US,NYSE,Common Stock,,,,SRJN
SRZNW,SRZNW.US,NASDAQ,Common Stock,,,,Surrozen Inc. Warrant
SVREW,SVREW.US,NASDAQ,Common Stock,,,,SaverOne 2014 Ltd. Warrant
SZZLR,SZZLR.US,NASDAQ,Common Stock,,,,Sizzle Acquisition Corp. II
TACHW,TACHW.US,NASDAQ,Common Stock,,,,Titan Acquisition Corp
TAVIR,TAVIR.US,NASDAQ,Common Stock,,,,Tavia Acquisition Corp. Right
TBB,TBB.US,NYSE,Common Stock,,,,AT&T Inc
TBLAW,TBLAW.US,NASDAQ,Common Stock,,,,Taboola.com Ltd. Warrant
TBMCR,TBMCR.US,NASDAQ,Common Stock,,,,Trailblazer Merger Corporation I Rights
TCPA,TCPA.US,NYSE,Common Stock,,,,TCPA
TDWD,TDWD.US,NASDAQ,Common Stock,,,,Tailwind 2.0 Acquisition Corp. Class A Ordinary Shares
TFSA,TFSA.US,NYSE,Common Stock,,,,"Terra Income Fund 6, LLC 7.00%"
THIR,THIR.US,NYSE,Common Stock,,,,THOR Financial Technologies Trust
TLSIW,TLSIW.US,NASDAQ,Common Stock,,,,TriSalus Life Sciences Inc.
TMCWW,TMCWW.US,NASDAQ,Common Stock,,,,TMC the metals company Inc Warrants
TMUSI,TMUSI.US,NASDAQ,Common Stock,,,,"T-Mobile US, Inc. 5.500% Senior Notes due June 2070"
TMUSL,TMUSL.US,NASDAQ,Common Stock,,,,"T-Mobile US, Inc. 6.250% Senior Notes due 2069"
TMUSZ,TMUSZ.US,NASDAQ,Common Stock,,,,"T-Mobile US, Inc. 5.500% Senior Notes due March 2070"
TOIIW,TOIIW.US,NASDAQ,Common Stock,,,,The Oncology Institute Inc
TPTA,TPTA.US,NYSE,Common Stock,,,,"Terra Property Trust, Inc. 6.00%"
TRINI,TRINI.US,NASDAQ,Common Stock,,,,Trinity Capital Inc. 7.875% Notes Due 2029
TVACW,TVACW.US,NASDAQ,Common Stock,,,,Thayer Ventures Acquisition Corporation
TVGNW,TVGNW.US,NASDAQ,Common Stock,,,,Tevogen Bio Holdings Inc
TWOD,TWOD.US,NYSE,Common Stock,,,,Two Harbors Investment Corp.
UNMA,UNMA.US,NYSE,Common Stock,,,,Unum Group
UYSCR,UYSCR.US,NASDAQ,Common Stock,,,,UY Scuti Acquisition Corp.
UZD,UZD.US,NYSE,Common Stock,,,,United States Cellular Corporat
UZE,UZE.US,NYSE,Common Stock,,,,United States Cellular Preferred 5.500% due 2070
UZF,UZF.US,NYSE,Common Stock,,,,United States Cellular Corporat
VACHW,VACHW.US,NASDAQ,Common Stock,,,,Voyager Acquisition Corp.
VCICW,VCICW.US,NASDAQ,Common Stock,,,,Vine Hill Capital Investment Corp. Warrant
VEEAW,VEEAW.US,NASDAQ,Common Stock,,,,Veea Inc
VFSWW,VFSWW.US,NASDAQ,Common Stock,,,,VinFast Auto Ltd. Warrant
VSEEW,VSEEW.US,NASDAQ,Common Stock,,,,"VSee Health, Inc."
WALDW,WALDW.US,NASDAQ,Common Stock,,,,Waldencast Acquisition Corp
WENN,WENN.US,NASDAQ,Common Stock,,,,Wen Acquisition Corp Class A Ordinary Shares
WENNU,WENNU.US,NASDAQ,Common Stock,,,,WENNU
WGSWW,WGSWW.US,NASDAQ,Common Stock,,,,GeneDx Holdings Corp.
WLDSW,WLDSW.US,NASDAQ,Common Stock,,,,Wearable Devices Ltd.
XAGEW,XAGEW.US,NASDAQ,Common Stock,,,,"Longevity Health Holdings, Inc."
XBPEW,XBPEW.US,NASDAQ,Common Stock,,,,XBP Europe Holdings Inc
XCBEU,XCBEU.US,NASDAQ,Common Stock,,,,X3 Acquisition Corp. Ltd. Unit
XELLL,XELLL.US,NASDAQ,Common Stock,,,,"Xcel Energy Inc. 6.25% Junior Subordinated Notes, Series due 2085"
XOMX,XOMX.US,NASDAQ,Common Stock,,,,Direxion Daily XOM Bull 2X Shares
XOMZ,XOMZ.US,NASDAQ,Common Stock,,,,Direxion Daily XOM Bear 1X Shares
YHNAR,YHNAR.US,NASDAQ,Common Stock,,,,YHN Acquisition I Limited Right
ZEOWW,ZEOWW.US,NASDAQ,Common Stock,,,,Zeo Energy Corp
ZOOZW,ZOOZW.US,NASDAQ,Common Stock,,,,ZOOZ Power Ltd. Warrant
